,date,open,high,low,close,MA5,MA20,MA60,BB_Middle,BB_Upper,BB_Lower,RSI,MACD,MACD_Signal,MACD_Histogram,Stoch_K,Stoch_D,Supertrend,Supertrend_Direction,KC_Middle,KC_Upper,KC_Lower,BodySize,UpperShadow,LowerShadow,IsBullish,IsBearish,Doji,Hammer,InvertedHammer,ShootingStar,Marubozu,LongBullish,LongBearish,BullishEngulfing,BearishEngulfing,PiercingLine,DarkCloudCover,MorningStar,EveningStar,ThreeWhiteSoldiers,ThreeBlackCrows,EMA5,EMA13,UpTrend,DownTrend,ATR14,ATR14_Pct,IsPotentialTop,IsPotentialBottom,Fib_Trend,Pivot_P,Pivot_S1,Pivot_S2,Pivot_S3,Pivot_R1,Pivot_R2,Pivot_R3
0,2024-11-01,59000.0,59600.0,58100.0,58300.0,,,,,,,,0.0,0.0,0.0,,,0.0,1,58300.0,,,700.0,600.0,200.0,False,True,False,False,False,False,False,False,False,False,False,False,False,False,False,False,False,58300.0,58300.0,False,False,,,,,up,58433.333333333336,57166.66666666667,56533.333333333336,54633.333333333336,59066.66666666667,60333.333333333336,62233.333333333336
1,2024-11-04,58600.0,59400.0,58400.0,58700.0,,,,,,,,31.90883190882596,6.381766381765193,25.527065527060767,,,0.0,1,58338.09523809524,,,100.0,700.0,200.0,True,False,False,False,False,False,False,False,False,False,False,False,False,False,False,False,False,58433.333333333336,58357.142857142855,True,False,,,,,up,58433.333333333336,57166.66666666667,56533.333333333336,54633.333333333336,59066.66666666667,60333.333333333336,62233.333333333336
2,2024-11-05,57800.0,58100.0,57200.0,57600.0,,,,,,,,-31.204292172958958,-1.135445329179638,-30.06884684377932,,,0.0,1,58267.800453514734,,,200.0,300.0,400.0,False,True,False,False,False,False,False,False,False,False,False,False,False,False,False,False,False,58155.55555555556,58248.97959183674,False,True,,,,,up,58433.333333333336,57166.66666666667,56533.333333333336,54633.333333333336,59066.66666666667,60333.333333333336,62233.333333333336
3,2024-11-06,57600.0,58000.0,56300.0,57300.0,,,,,,,,-104.22791597295145,-21.753939457934,-82.47397651501745,,,0.0,1,58175.628981751426,,,300.0,400.0,1000.0,False,True,False,False,False,False,False,False,False,False,False,False,False,False,False,False,False,57870.37037037038,58113.4110787172,False,True,,,,,up,58433.333333333336,57166.66666666667,56533.333333333336,54633.333333333336,59066.66666666667,60333.333333333336,62233.333333333336
4,2024-11-07,56900.0,58100.0,56800.0,57500.0,57880.0,,,,,,,-144.29795836926496,-46.262743240200194,-98.03521512906477,,,0.0,1,58111.28336444176,,,600.0,600.0,100.0,True,False,False,False,False,False,False,False,False,False,False,True,False,False,False,False,False,57746.913580246925,58025.78092461475,False,True,,,,,up,58433.333333333336,57166.66666666667,56533.333333333336,54633.333333333336,59066.66666666667,60333.333333333336,62233.333333333336
5,2024-11-08,58000.0,58300.0,57000.0,57000.0,57620.0,,,,,,,-213.93348493767553,-79.79689157969526,-134.13659335798027,,,0.0,1,58005.44685354255,,,1000.0,300.0,0.0,False,True,False,False,False,False,False,False,False,False,False,False,True,False,False,False,False,57497.94238683129,57879.240792526936,False,True,,,,,up,58433.333333333336,57166.66666666667,56533.333333333336,54633.333333333336,59066.66666666667,60333.333333333336,62233.333333333336
6,2024-11-11,56700.0,56800.0,55000.0,55000.0,56880.0,,,,,,,-425.59740478542517,-148.95699422084124,-276.64041056458393,,,0.0,1,57719.21381987183,,,1700.0,100.0,0.0,False,True,False,False,False,False,True,False,False,False,False,False,False,False,False,False,False,56665.2949245542,57467.9206793088,False,True,,,,,up,58433.333333333336,57166.66666666667,56533.333333333336,54633.333333333336,59066.66666666667,60333.333333333336,62233.333333333336
7,2024-11-12,54600.0,54600.0,53000.0,53000.0,55960.0,,,,,,,-746.1250068908048,-268.39059675483395,-477.73441013597085,,,0.0,1,57269.76488464594,,,1600.0,0.0,0.0,False,True,False,False,False,False,True,False,False,False,False,False,False,False,False,False,True,55443.5299497028,56829.6462965504,False,True,,,,,up,58433.333333333336,57166.66666666667,56533.333333333336,54633.333333333336,59066.66666666667,60333.333333333336,62233.333333333336
8,2024-11-13,52000.0,53000.0,50500.0,50600.0,54620.0,,,,,,,-1180.2007634475522,-450.75263009337766,-729.4481333541745,,,0.0,1,56634.54918134633,,,1400.0,1000.0,100.0,False,True,False,False,False,False,False,False,False,False,False,False,False,False,False,False,True,53829.019966468535,55939.696825614636,False,True,,,,,up,58433.333333333336,57166.66666666667,56533.333333333336,54633.333333333336,59066.66666666667,60333.333333333336,62233.333333333336
9,2024-11-14,50200.0,51800.0,49900.0,49900.0,53100.0,,,,,,,-1562.6794813943197,-673.1380003535661,-889.5414810407536,,,45810.0,1,55993.16354502764,59353.16354502764,52633.16354502764,300.0,1600.0,0.0,False,True,False,False,True,False,False,False,False,False,False,False,False,False,False,False,True,52519.34664431236,55076.88299338397,False,True,,,,,up,58433.333333333336,57166.66666666667,56533.333333333336,54633.333333333336,59066.66666666667,60333.333333333336,62233.333333333336
10,2024-11-15,50300.0,54200.0,50300.0,53500.0,52400.0,,,,,,,-1557.3544942427106,-849.981299131395,-707.3731951113157,,,46370.0,1,55755.719397882145,59675.719397882145,51835.719397882145,3200.0,700.0,0.0,True,False,False,False,False,False,True,True,False,False,False,False,False,True,False,False,False,52846.23109620824,54851.61399432913,False,True,,,,,up,58433.333333333336,57166.66666666667,56533.333333333336,54633.333333333336,59066.66666666667,60333.333333333336,62233.333333333336
11,2024-11-18,57000.0,57500.0,55900.0,56700.0,52740.0,,,,,,,-1280.1642109274253,-936.0178814906012,-344.1463294368241,,,49950.0,1,55845.65088379813,60345.65088379813,51345.65088379813,300.0,500.0,800.0,False,True,False,False,False,False,False,False,False,False,False,False,False,False,False,False,False,54130.8207308055,55115.669137996396,False,True,,,,,up,58433.333333333336,57166.66666666667,56533.333333333336,54633.333333333336,59066.66666666667,60333.333333333336,62233.333333333336
12,2024-11-19,56500.0,57500.0,55900.0,56300.0,53400.0,,,,,,,-1080.3124025074503,-964.8767856939711,-115.43561681347921,,,49920.0,1,55888.92222819831,60408.92222819831,51368.92222819831,200.0,1000.0,400.0,False,True,False,False,False,False,False,False,False,False,False,False,False,False,False,False,False,54853.88048720367,55284.859261139776,False,True,,,,,up,58433.333333333336,57166.66666666667,56533.333333333336,54633.333333333336,59066.66666666667,60333.333333333336,62233.333333333336
13,2024-11-20,56100.0,56500.0,54800.0,55300.0,54340.0,,,,,,41.573033707865164,-991.1941776484018,-970.1402640848573,-21.053913563544484,55.670103092783506,,48870.0,1,55832.834396941325,60352.834396941325,51312.834396941325,800.0,400.0,500.0,False,True,False,False,False,False,False,False,False,False,False,False,False,False,False,False,True,55002.586991469114,55287.022223834094,False,True,2028.5714285714287,3.668302764143632,,,up,58433.333333333336,57166.66666666667,56533.333333333336,54633.333333333336,59066.66666666667,60333.333333333336,62233.333333333336
14,2024-11-21,54900.0,56900.0,54700.0,56400.0,55640.0,,,,,,44.97354497354497,-822.3272587115571,-940.5776630101973,118.2504042986402,68.42105263157895,,48750.0,1,55886.8501686612,60586.8501686612,51186.8501686612,1500.0,500.0,200.0,True,False,False,False,False,False,False,False,False,True,False,False,False,False,False,False,False,55468.39132764608,55446.01904900065,True,False,2078.5714285714284,3.685410334346504,,,up,58433.333333333336,57166.66666666667,56533.333333333336,54633.333333333336,59066.66666666667,60333.333333333336,62233.333333333336
15,2024-11-22,56000.0,56700.0,55900.0,56000.0,56140.0,,,,,,42.857142857142854,-712.5616981916755,-894.974470046493,182.4127718548175,72.61904761904762,65.57006778113669,49400.0,1,55897.62634307442,60497.62634307442,51297.62634307442,0.0,700.0,100.0,False,False,True,False,False,False,False,False,False,False,False,False,False,False,False,False,False,55645.59421843072,55525.1591848577,True,False,2057.1428571428573,3.6734693877551026,,,up,58433.333333333336,57166.66666666667,56533.333333333336,54633.333333333336,59066.66666666667,60333.333333333336,62233.333333333336
16,2024-11-25,57400.0,57900.0,56700.0,57900.0,56380.0,,,,,,50.76142131979695,-466.87572686481144,-809.3547214101567,342.47899454534524,95.23809523809523,78.75939849624059,50430.0,1,56088.32859611495,60668.32859611495,51508.32859611495,500.0,0.0,700.0,True,False,False,False,False,False,False,False,False,False,False,False,False,False,False,False,False,56397.06281228715,55864.42215844946,True,False,2085.714285714286,3.602269923513447,,,up,58433.333333333336,57166.66666666667,56533.333333333336,54633.333333333336,59066.66666666667,60333.333333333336,62233.333333333336
17,2024-11-26,57900.0,58900.0,57500.0,58300.0,56780.0,,,,,,52.52525252525253,-237.15736497777834,-694.9152501236811,457.7578851459027,93.33333333333333,87.06349206349205,51510.0,1,56298.96396791353,60758.96396791353,51838.96396791353,400.0,600.0,400.0,True,False,False,False,False,False,False,False,False,False,False,False,False,False,False,False,False,57031.37520819144,56212.361850099536,True,False,2064.285714285714,3.5407988238176915,,,up,58433.333333333336,57166.66666666667,56533.333333333336,54633.333333333336,59066.66666666667,60333.333333333336,62233.333333333336
18,2024-11-27,57700.0,57800.0,56000.0,56300.0,56980.0,,,,,,47.22222222222222,-214.0201029297823,-598.7362206849014,384.71611775511906,71.11111111111111,86.56084656084657,50270.0,1,56299.06263763605,60719.06263763605,51879.06263763605,1400.0,100.0,300.0,False,True,False,False,False,False,False,False,False,False,False,False,False,False,False,False,False,56787.58347212763,56224.88158579961,True,False,2135.714285714286,3.7934534382136516,,,up,58433.333333333336,57166.66666666667,56533.333333333336,54633.333333333336,59066.66666666667,60333.333333333336,62233.333333333336
19,2024-11-28,56000.0,56400.0,55200.0,55500.0,56800.0,55855.0,,55855.0,60727.03621108313,50982.96378891687,46.57534246575342,-257.2713067049481,-530.4432378889107,273.17193118396267,62.22222222222222,75.55555555555556,49380.0,1,56222.961434051664,60502.961434051664,51942.961434051664,500.0,400.0,300.0,False,True,False,False,False,False,False,False,False,False,False,False,False,False,False,False,False,56358.38898141843,56121.327073542525,True,False,2128.5714285714284,3.835263835263835,,,up,58433.333333333336,57166.66666666667,56533.333333333336,54633.333333333336,59066.66666666667,60333.333333333336,62233.333333333336
20,2024-11-29,55100.0,55300.0,53800.0,54200.0,56440.0,55650.0,,55650.0,60433.08422849129,50866.91577150871,48.11320754716981,-391.9294144295927,-502.74047319704715,110.81105876745443,47.77777777777778,60.37037037037036,48910.0,1,56030.29844033246,59790.29844033246,52270.29844033246,900.0,200.0,400.0,False,True,False,False,False,False,False,False,False,False,False,False,False,False,False,False,True,55638.92598761229,55846.85177732217,False,True,2107.1428571428573,3.8877174486030577,False,False,up,58433.333333333336,57166.66666666667,56533.333333333336,54633.333333333336,59066.66666666667,60333.333333333336,62233.333333333336
21,2024-12-02,54300.0,54400.0,53100.0,53600.0,55580.0,55395.0,,55395.0,60035.08847465558,50754.91152534442,51.515151515151516,-540.8275966705041,-510.3578978917386,-30.46969877876552,41.11111111111111,50.370370370370374,48920.0,1,55798.84144601508,59018.84144601508,52578.84144601508,700.0,100.0,500.0,False,True,False,False,False,False,False,False,False,False,False,False,False,False,False,False,True,54959.283991741526,55525.87295199043,False,True,2057.1428571428573,3.8379530916844353,False,False,up,58433.333333333336,57166.66666666667,56533.333333333336,54633.333333333336,59066.66666666667,60333.333333333336,62233.333333333336
22,2024-12-03,53100.0,54400.0,53100.0,53600.0,54640.0,55195.0,,55195.0,59779.40147043268,50610.59852956732,58.62068965517241,-651.3224392048942,-538.5508061543698,-112.77163305052443,41.11111111111111,43.333333333333336,49010.0,1,55589.42797496602,58749.42797496602,52429.42797496602,500.0,800.0,0.0,True,False,False,False,False,False,False,False,False,False,False,False,False,False,False,False,False,54506.189327827684,55250.74824456323,False,True,1971.4285714285713,3.6780383795309164,False,False,up,58433.333333333336,57166.66666666667,56533.333333333336,54633.333333333336,59066.66666666667,60333.333333333336,62233.333333333336
23,2024-12-04,52000.0,53400.0,52000.0,53100.0,54000.0,54985.0,,54985.0,59548.1360407417,50421.8639592583,59.30232558139535,-770.3560344759389,-584.9118518186835,-185.4441826572554,32.55813953488372,38.260120585701976,47990.0,1,55352.339596397826,58492.339596397826,52212.339596397826,1100.0,300.0,0.0,True,False,False,False,False,False,False,False,False,False,False,False,False,False,False,False,False,54037.45955188513,54943.49849533991,False,True,1950.0,3.672316384180791,False,False,up,58433.333333333336,57166.66666666667,56533.333333333336,54633.333333333336,59066.66666666667,60333.333333333336,62233.333333333336
24,2024-12-05,53200.0,54400.0,53200.0,53700.0,53640.0,54795.0,,54795.0,59231.9145277226,50358.0854722774,50.70422535211267,-806.9737397797289,-629.3242294108927,-177.64951036883622,24.637681159420293,32.76897726847171,49360.0,1,55194.973920550416,58154.973920550416,52234.973920550416,500.0,700.0,0.0,True,False,False,False,False,False,False,False,False,False,False,False,False,False,False,False,False,53924.97303459009,54765.855853148496,False,True,1735.7142857142858,3.2322426177174783,False,False,up,58433.333333333336,57166.66666666667,56533.333333333336,54633.333333333336,59066.66666666667,60333.333333333336,62233.333333333336
25,2024-12-06,53900.0,54400.0,52700.0,54100.0,53620.0,54650.0,,54650.0,58971.54942973979,50328.45057026021,38.59649122807018,-794.5577112880637,-662.3709257863269,-132.18678550173684,30.434782608695656,29.210201100999893,48840.0,1,55090.69069002181,58230.69069002181,51950.69069002181,200.0,300.0,1200.0,True,False,False,False,False,False,False,False,False,False,False,False,False,False,False,True,False,53983.3153563934,54670.733588413,False,True,1571.4285714285713,2.904673884341167,False,False,up,58433.333333333336,57166.66666666667,56533.333333333336,54633.333333333336,59066.66666666667,60333.333333333336,62233.333333333336
26,2024-12-09,53500.0,54600.0,53200.0,53400.0,53580.0,54570.0,,54570.0,58923.38948406871,50216.61051593129,37.60683760683761,-831.6157207457218,-696.2198847782059,-135.39583596751584,20.28985507246377,25.120772946859905,49340.0,1,54929.67252906735,57969.67252906735,51889.67252906735,100.0,1100.0,200.0,False,True,True,False,False,False,False,False,False,False,False,False,False,False,True,False,False,53788.87690426227,54489.200218639715,False,True,1557.142857142857,2.9159978598180847,False,False,up,58433.333333333336,57166.66666666667,56533.333333333336,54633.333333333336,59066.66666666667,60333.333333333336,62233.333333333336
27,2024-12-10,54500.0,54500.0,53700.0,54000.0,53660.0,54620.0,,54620.0,58920.11015770772,50319.88984229228,44.24778761061947,-803.3094236456382,-717.6377925516924,-85.67163109394573,28.985507246376812,26.570048309178745,49630.0,1,54841.13228820379,57821.13228820379,51861.13228820379,500.0,0.0,300.0,False,True,False,False,False,False,False,False,False,False,False,False,False,False,False,False,False,53859.25126950819,54419.31447311975,False,True,1514.2857142857142,2.804232804232804,False,False,up,58433.333333333336,57166.66666666667,56533.333333333336,54633.333333333336,59066.66666666667,60333.333333333336,62233.333333333336
28,2024-12-11,53600.0,54200.0,53400.0,54000.0,53840.0,54790.0,,54790.0,58669.17517005871,50910.82482994129,38.23529411764706,-771.9776020014688,-728.5057544416477,-43.47184755982107,28.985507246376812,26.08695652173913,49780.0,1,54761.024451232006,57441.024451232006,52081.024451232006,400.0,200.0,200.0,True,False,False,False,False,False,False,False,False,False,False,False,False,False,False,False,False,53906.167513005465,54359.41240553121,False,True,1414.2857142857142,2.6190476190476186,False,False,up,58433.333333333336,57166.66666666667,56533.333333333336,54633.333333333336,59066.66666666667,60333.333333333336,62233.333333333336
29,2024-12-12,54000.0,56500.0,53900.0,55900.0,54280.0,55090.0,,55090.0,58235.52313446805,51944.47686553195,49.572649572649574,-587.065461374259,-700.21769582817,113.15223445391098,56.52173913043478,38.16425120772947,50760.0,1,54869.49831301944,57829.49831301944,51909.49831301944,1900.0,600.0,100.0,True,False,False,False,False,False,False,True,False,False,False,False,False,False,False,False,False,54570.77834200364,54579.496347598186,False,True,1542.857142857143,2.760030667007411,False,False,up,58433.333333333336,57166.66666666667,56533.333333333336,54633.333333333336,59066.66666666667,60333.333333333336,62233.333333333336
30,2024-12-13,55800.0,56300.0,55500.0,56100.0,54680.0,55220.0,,55220.0,58303.12896430337,52136.87103569663,41.0,-419.54665647972433,-644.0834879584809,224.53683147875654,59.42028985507246,48.309178743961354,51730.0,1,54986.68894987473,57766.68894987473,52206.68894987473,300.0,200.0,300.0,True,False,False,False,False,False,False,False,False,False,False,False,False,False,False,True,False,55080.5188946691,54796.711155084166,True,False,1464.2857142857142,2.6101349630761392,False,False,up,58433.333333333336,57166.66666666667,56533.333333333336,54633.333333333336,59066.66666666667,60333.333333333336,62233.333333333336
31,2024-12-16,56300.0,56600.0,55200.0,55600.0,55120.0,55165.0,,55165.0,58175.35056535212,52154.64943464788,36.633663366336634,-323.4046109756964,-579.9477125619239,256.5431015862275,62.06896551724138,59.33699816758287,51700.0,1,55045.09952607714,57845.09952607714,52245.09952607714,700.0,300.0,400.0,False,True,False,False,False,False,False,False,False,False,True,False,False,False,False,False,False,55253.67926311273,54911.46670435786,True,False,1464.2857142857142,2.63360739979445,False,False,up,58433.333333333336,57166.66666666667,56533.333333333336,54633.333333333336,59066.66666666667,60333.333333333336,62233.333333333336
32,2024-12-17,54700.0,55200.0,54000.0,54200.0,55160.0,55060.0,,55060.0,58050.088891479216,52069.911108520784,38.94736842105262,-356.0750355981727,-535.1731771691736,179.09814157100095,47.82608695652174,56.4384474429452,50310.0,1,54964.61385692694,57824.61385692694,52104.61385692694,500.0,500.0,200.0,False,True,False,False,False,False,False,False,False,False,False,False,False,False,False,False,False,54902.45284207516,54809.82860373531,True,False,1414.2857142857142,2.6093832366895096,False,False,up,58433.333333333336,57166.66666666667,56533.333333333336,54633.333333333336,59066.66666666667,60333.333333333336,62233.333333333336
33,2024-12-18,54100.0,55400.0,54000.0,54900.0,55340.0,55040.0,,55040.0,58028.68039882417,52051.31960117583,46.80851063829787,-321.7732311217842,-492.4931879596958,170.71995683791158,63.04347826086957,57.646176911544224,50470.0,1,54958.46015626723,57778.46015626723,52138.46015626723,800.0,500.0,100.0,True,False,False,False,False,False,False,False,False,True,False,False,False,False,False,False,False,54901.63522805011,54822.710231773126,True,False,1428.5714285714287,2.6021337496747337,False,False,up,58433.333333333336,57166.66666666667,56533.333333333336,54633.333333333336,59066.66666666667,60333.333333333336,62233.333333333336
34,2024-12-19,53500.0,53800.0,53100.0,53100.0,54780.0,54875.0,,54875.0,57911.53195533811,51838.46804466189,44.44444444444444,-434.8214101659687,-480.95883240095037,46.13742223498167,23.91304347826087,44.92753623188406,49070.0,1,54781.463950908445,57701.463950908445,51861.463950908445,400.0,300.0,0.0,False,True,False,False,False,False,False,False,False,False,False,False,False,False,False,False,False,54301.09015203341,54576.608770091254,False,True,1435.7142857142858,2.7037933817594837,False,False,up,58433.333333333336,57166.66666666667,56533.333333333336,54633.333333333336,59066.66666666667,60333.333333333336,62233.333333333336
35,2024-12-20,52700.0,53100.0,51900.0,53000.0,54160.0,54725.0,,54725.0,57823.301741956486,51626.698258043514,46.80851063829787,-526.413899044841,-490.04984572972853,-36.364053315112415,23.404255319148938,36.78692568609313,48270.0,1,54611.80071748859,57431.80071748859,51791.80071748859,300.0,100.0,800.0,True,False,False,True,False,False,False,False,False,False,False,False,False,False,False,False,False,53867.393434688944,54351.37894579251,False,True,1428.5714285714287,2.6954177897574128,False,False,up,58433.333333333336,57166.66666666667,56533.333333333336,54633.333333333336,59066.66666666667,60333.333333333336,62233.333333333336
36,2024-12-23,53400.0,54000.0,53300.0,53500.0,53740.0,54505.0,,54505.0,57259.88083608941,51750.11916391059,49.494949494949495,-552.2893373511324,-502.49774405400933,-49.791593297123086,34.04255319148936,27.119950662966392,49540.0,1,54505.91493487063,57245.91493487063,51765.91493487063,100.0,500.0,100.0,True,False,False,False,False,False,False,False,False,False,False,False,False,False,False,False,False,53744.928956459305,54229.75338210787,False,True,1407.142857142857,2.630173564753004,False,False,up,58433.333333333336,57166.66666666667,56533.333333333336,54633.333333333336,59066.66666666667,60333.333333333336,62233.333333333336
37,2024-12-24,53700.0,54500.0,53600.0,54400.0,53780.0,54310.0,,54310.0,56407.51732945607,52212.48267054393,56.310679611650485,-494.4733492737141,-500.89286509795033,6.419515824236214,53.191489361702125,36.87943262411347,49970.0,1,54495.82779821628,57215.82779821628,51775.82779821628,700.0,100.0,100.0,True,False,False,False,False,False,False,False,False,False,False,False,False,False,False,True,False,53963.28597097288,54254.07432752103,False,True,1364.2857142857142,2.507878151260504,False,False,up,58433.333333333336,57166.66666666667,56533.333333333336,54633.333333333336,59066.66666666667,60333.333333333336,62233.333333333336
38,2024-12-26,54500.0,54600.0,53500.0,53600.0,53520.0,54175.0,,54175.0,56071.11791771895,52278.88208228105,49.52380952380953,-507.35856261165463,-502.18600460069126,-5.172558010963371,36.17021276595745,41.13475177304965,49880.0,1,54410.51086505283,57190.51086505283,51630.51086505283,900.0,100.0,100.0,False,True,False,False,False,False,True,False,False,False,True,False,False,False,False,False,False,53842.190647315256,54160.63513787517,False,True,1350.0,2.5186567164179103,False,False,up,58433.333333333336,57166.66666666667,56533.333333333336,54633.333333333336,59066.66666666667,60333.333333333336,62233.333333333336
39,2024-12-27,53500.0,54100.0,53200.0,53700.0,53640.0,54085.0,,54085.0,55884.73682286579,52285.26317713421,48.03921568627451,-503.6947432882589,-502.4877523382048,-1.2069909500540916,38.297872340425535,42.5531914893617,49990.0,1,54342.843163619225,56782.843163619225,51902.843163619225,200.0,400.0,300.0,True,False,False,False,False,False,False,False,False,False,False,False,False,False,False,False,False,53794.79376487684,54094.830118178725,False,True,1292.857142857143,2.40755520085129,False,False,up,58433.333333333336,57166.66666666667,56533.333333333336,54633.333333333336,59066.66666666667,60333.333333333336,62233.333333333336
40,2024-12-30,53300.0,54000.0,53100.0,53200.0,53680.0,54035.0,,54035.0,55876.36676926338,52193.63323073662,49.00000000000001,-534.9701584247596,-508.98423355551574,-25.98592486924383,27.659574468085108,34.04255319148937,49860.0,1,54234.00095756025,56694.00095756025,51774.00095756025,100.0,700.0,100.0,False,True,False,False,False,False,False,False,False,False,False,False,False,False,False,False,False,53596.52917658456,53966.99724415319,False,True,1257.142857142857,2.3630504833512354,False,False,up,58433.333333333336,57166.66666666667,56533.333333333336,54633.333333333336,59066.66666666667,60333.333333333336,62233.333333333336
41,2025-01-02,52700.0,53600.0,52300.0,53400.0,53660.0,54025.0,,54025.0,55878.44629215277,52171.55370784723,46.875,-537.4227468260069,-514.671936209614,-22.75081061639287,31.914893617021278,32.6241134751773,49290.0,1,54154.57229493546,56594.57229493546,51714.57229493546,700.0,200.0,400.0,True,False,False,False,False,False,False,False,False,True,False,False,False,False,False,False,False,53531.01945105638,53885.9976378456,False,True,1271.4285714285713,2.380952380952381,False,False,up,58433.333333333336,57166.66666666667,56533.333333333336,54633.333333333336,59066.66666666667,60333.333333333336,62233.333333333336
42,2025-01-03,52800.0,55100.0,52800.0,54400.0,53660.0,54065.0,,54065.0,55914.35266057018,52215.64733942982,51.886792452830186,-453.4477349258377,-502.42709595285885,48.97936102702113,53.191489361702125,37.5886524822695,50080.0,1,54177.94636208446,56757.94636208446,51597.94636208446,1600.0,700.0,0.0,True,False,False,False,False,False,False,True,False,False,False,False,False,False,False,False,False,53820.67963403759,53959.426546724804,False,True,1378.5714285714287,2.534138655462185,False,False,up,58433.333333333336,57166.66666666667,56533.333333333336,54633.333333333336,59066.66666666667,60333.333333333336,62233.333333333336
43,2025-01-06,54400.0,56200.0,54300.0,55900.0,54120.0,54205.0,,54205.0,56167.24897824707,52242.75102175293,50.0,-262.8297314721276,-454.50762305671265,191.67789158458504,85.1063829787234,56.737588652482266,51230.0,1,54341.951470457374,57021.951470457374,51661.951470457374,1500.0,300.0,100.0,True,False,False,False,False,False,False,True,False,False,False,False,False,False,False,True,False,54513.78642269173,54236.65132576412,True,False,1328.5714285714287,2.3766930743674934,False,False,up,58433.333333333336,57166.66666666667,56533.333333333336,54633.333333333336,59066.66666666667,60333.333333333336,62233.333333333336
44,2025-01-07,56800.0,57300.0,55400.0,55400.0,54460.0,54290.0,,54290.0,56306.667391619434,52273.332608380566,46.666666666666664,-150.37597114261735,-393.6812926738936,243.30532153127626,64.81481481481481,67.70422905174678,52300.0,1,54442.71799708048,57142.71799708048,51742.71799708048,1400.0,500.0,0.0,False,True,False,False,False,False,False,False,False,False,False,False,False,False,False,False,False,54809.19094846115,54402.8439935121,True,False,1407.142857142857,2.539969056214544,False,False,up,58433.333333333336,57166.66666666667,56533.333333333336,54633.333333333336,59066.66666666667,60333.333333333336,62233.333333333336
45,2025-01-08,54800.0,57500.0,54700.0,57300.0,55280.0,54450.0,,54450.0,56870.52625856881,52029.47374143119,57.142857142857146,91.00946468411712,-296.7431412022915,387.7526058864086,96.42857142857143,82.11658974070322,51570.0,1,54714.84009259662,57734.84009259662,51694.84009259662,2500.0,200.0,100.0,True,False,False,False,False,False,True,True,False,True,False,False,False,False,False,False,False,55639.46063230744,54816.72342301037,True,False,1507.142857142857,2.630266766392421,False,False,up,58433.333333333336,57166.66666666667,56533.333333333336,54633.333333333336,59066.66666666667,60333.333333333336,62233.333333333336
46,2025-01-09,57600.0,57700.0,56100.0,56100.0,55820.0,54585.0,,54585.0,57059.522814179494,52110.477185820506,58.11965811965811,183.36546751493006,-200.7214194588472,384.08688697377727,72.41379310344827,77.88572644894484,52190.0,1,54846.760083777895,57986.760083777895,51706.760083777895,1500.0,100.0,0.0,False,True,False,False,False,False,True,False,False,False,False,False,False,False,False,False,False,55792.97375487163,55000.0486482946,True,False,1507.142857142857,2.686529157117392,False,False,up,58433.333333333336,57166.66666666667,56533.333333333336,54633.333333333336,59066.66666666667,60333.333333333336,62233.333333333336
47,2025-01-10,56100.0,56500.0,55200.0,55300.0,56000.0,54650.0,,54650.0,57128.11473333641,52171.88526666359,51.694915254237294,189.81686041639477,-122.61376348379883,312.4306239001936,58.620689655172406,75.82101806239737,51050.0,1,54889.92579008476,58089.92579008476,51689.92579008476,800.0,400.0,100.0,False,True,False,False,False,False,False,False,False,False,False,False,False,False,False,False,False,55628.649169914424,55042.89884139538,True,False,1500.0,2.7124773960216997,False,False,up,58433.333333333336,57166.66666666667,56533.333333333336,54633.333333333336,59066.66666666667,60333.333333333336,62233.333333333336
48,2025-01-13,54600.0,55000.0,54100.0,54100.0,55640.0,54655.0,,54655.0,57127.99094428718,52182.00905571282,54.464285714285715,96.98171969342366,-78.69466684835433,175.676386541778,37.93103448275862,56.32183908045977,49720.0,1,54814.69476245764,58034.69476245764,51594.69476245764,500.0,400.0,0.0,False,True,False,False,False,False,False,False,False,False,False,False,False,False,False,False,True,55119.099446609616,54908.19900691033,True,False,1457.142857142857,2.6934248745709004,False,False,up,58433.333333333336,57166.66666666667,56533.333333333336,54633.333333333336,59066.66666666667,60333.333333333336,62233.333333333336
49,2025-01-14,54200.0,54600.0,53700.0,53900.0,55340.0,54555.0,,54555.0,56977.24341425357,52132.75658574643,53.982300884955755,7.1880143441667315,-61.518130609850125,68.70614495401685,29.629629629629626,42.06045125585355,49320.0,1,54727.58097555692,57947.58097555692,51507.58097555692,300.0,400.0,200.0,False,True,False,False,False,False,False,False,False,False,False,False,False,False,False,False,True,54712.732964406416,54764.17057735171,False,True,1435.7142857142858,2.6636628677445007,False,False,up,58433.333333333336,57166.66666666667,56533.333333333336,54633.333333333336,59066.66666666667,60333.333333333336,62233.333333333336
50,2025-01-15,54100.0,54700.0,53500.0,53700.0,54620.0,54435.0,,54435.0,56771.23628941939,52098.76371058061,50.909090909090914,-79.19950995333056,-65.05440647854621,-14.14510347478435,25.925925925925924,31.162196679438058,49180.0,1,54629.71612074197,57909.71612074197,51349.71612074197,400.0,600.0,200.0,False,True,False,False,False,False,False,False,False,False,False,False,False,False,False,False,True,54375.155309604284,54612.146209158615,False,True,1450.0,2.700186219739292,False,False,up,58433.333333333336,57166.66666666667,56533.333333333336,54633.333333333336,59066.66666666667,60333.333333333336,62233.333333333336
51,2025-01-16,54200.0,55000.0,54100.0,54300.0,54260.0,54370.0,,54370.0,56641.19259189391,52098.80740810609,49.53271028037383,-98.11623685360973,-71.66677255355893,-26.449464300050806,37.03703703703704,30.864197530864192,49630.0,1,54598.31458543321,57878.31458543321,51318.31458543321,100.0,700.0,100.0,True,False,False,False,False,False,False,False,False,False,False,False,False,False,False,False,False,54350.10353973619,54567.55389356453,False,True,1471.4285714285713,2.709813207050776,False,False,up,58433.333333333336,57166.66666666667,56533.333333333336,54633.333333333336,59066.66666666667,60333.333333333336,62233.333333333336
52,2025-01-17,53800.0,54100.0,53200.0,53700.0,53940.0,54345.0,,54345.0,56635.00114916084,52054.99885083916,50.476190476190474,-159.68214839253778,-89.2698477213547,-70.41230067118309,25.925925925925924,29.62962962962963,49090.0,1,54512.76081539196,57552.76081539196,51472.76081539196,100.0,300.0,500.0,False,True,False,False,False,False,False,False,False,False,False,False,False,False,False,False,False,54133.40235982413,54443.61762305532,False,True,1471.4285714285713,2.7400904495876564,False,False,up,58433.333333333336,57166.66666666667,56533.333333333336,54633.333333333336,59066.66666666667,60333.333333333336,62233.333333333336
53,2025-01-20,53600.0,53900.0,53300.0,53400.0,53800.0,54270.0,,54270.0,56581.61825294933,51958.38174705067,48.598130841121495,-230.02943351970316,-117.42176488102439,-112.60766863867877,20.37037037037037,27.777777777777775,49430.0,1,54406.783594878434,57186.783594878434,51626.783594878434,200.0,300.0,100.0,False,True,False,False,False,False,False,False,False,False,False,False,False,False,False,False,False,53888.934906549424,54294.52939119028,False,True,1450.0,2.715355805243446,False,False,up,58433.333333333336,57166.66666666667,56533.333333333336,54633.333333333336,59066.66666666667,60333.333333333336,62233.333333333336
54,2025-01-21,53700.0,54300.0,53300.0,53500.0,53720.0,54290.0,,54290.0,56565.63756248431,52014.36243751569,51.45631067961164,-274.5462018270846,-148.84665227023643,-125.69954955684815,22.22222222222222,22.839506172839506,49900.0,1,54320.423252509056,56920.423252509056,51720.423252509056,200.0,600.0,200.0,False,True,False,False,False,False,False,False,False,False,False,False,False,False,False,False,False,53759.28993769962,54181.02519244881,False,True,1457.142857142857,2.723631508678238,False,False,up,58433.333333333336,57166.66666666667,56533.333333333336,54633.333333333336,59066.66666666667,60333.333333333336,62233.333333333336
55,2025-01-22,53400.0,54400.0,53100.0,54300.0,53840.0,54355.0,,54355.0,56548.267209582926,52161.732790417074,54.12844036697247,-242.47761629209708,-167.57284507460858,-74.9047712174885,30.612244897959183,24.40161249685059,50300.0,1,54318.47818084153,56618.47818084153,52018.47818084153,900.0,100.0,300.0,True,False,False,False,False,False,False,False,False,True,False,False,False,False,False,False,False,53939.52662513308,54198.021593527556,False,True,1457.142857142857,2.6835043409629047,False,False,up,58433.333333333336,57166.66666666667,56533.333333333336,54633.333333333336,59066.66666666667,60333.333333333336,62233.333333333336
56,2025-01-23,53700.0,54100.0,53500.0,53700.0,53720.0,54365.0,,54365.0,56543.628250214264,52186.371749785736,46.666666666666664,-262.4526262998261,-186.54880131965209,-75.903824980174,13.043478260869565,21.959315127016993,50590.0,1,54259.57549695186,56399.57549695186,52119.57549695186,0.0,400.0,200.0,False,False,True,False,False,False,False,False,False,False,False,False,False,False,False,False,False,53859.68441675539,54126.87565159505,False,True,1350.0,2.5139664804469275,False,False,up,58433.333333333336,57166.66666666667,56533.333333333336,54633.333333333336,59066.66666666667,60333.333333333336,62233.333333333336
57,2025-01-24,53600.0,53800.0,53200.0,53700.0,53720.0,54330.0,,54330.0,56528.6598789167,52131.3401210833,37.77777777777778,-275.11164979534806,-204.2613710147913,-70.85027878055675,13.043478260869565,18.899733806566104,50500.0,1,54206.28259248026,56206.28259248026,52206.28259248026,100.0,100.0,400.0,True,False,False,False,False,False,False,False,False,False,False,False,False,False,False,False,False,53806.456277836936,54065.89341565291,False,True,1257.142857142857,2.341048151104017,False,False,up,58433.333333333336,57166.66666666667,56533.333333333336,54633.333333333336,59066.66666666667,60333.333333333336,62233.333333333336
58,2025-01-31,52200.0,53000.0,51700.0,52400.0,53520.0,54270.0,,54270.0,56613.277057545936,51926.722942454064,34.69387755102041,-385.59821635400294,-240.52874008263365,-145.0694762713693,11.666666666666666,12.584541062801932,49110.0,1,54034.25567891071,56194.25567891071,51874.25567891071,200.0,600.0,500.0,True,False,False,False,False,False,False,False,False,False,False,False,False,False,False,False,False,53337.63751855796,53827.90864198821,False,True,1264.2857142857142,2.412758996728462,False,False,up,58433.333333333336,57166.66666666667,56533.333333333336,54633.333333333336,59066.66666666667,60333.333333333336,62233.333333333336
59,2025-02-03,51100.0,51400.0,50800.0,51000.0,53020.0,54135.0,54691.666666666664,54135.0,56891.25604188383,51378.74395811617,16.129032258064512,-579.4483956651529,-308.3126711991375,-271.1357244660154,2.898550724637681,9.202898550724639,47650.0,1,53745.27894758588,56045.27894758588,51445.27894758588,100.0,300.0,200.0,False,True,False,False,False,False,False,False,False,False,False,False,False,False,False,False,False,52558.425012371976,53423.92169313275,False,True,1178.5714285714287,2.3109243697478994,False,False,up,58433.333333333336,57166.66666666667,56533.333333333336,54633.333333333336,59066.66666666667,60333.333333333336,62233.333333333336
60,2025-02-04,51600.0,53600.0,51500.0,52700.0,52700.0,54110.0,54598.333333333336,54110.0,56910.67660997915,51309.32339002085,32.65306122448979,-589.1093806449353,-364.4720130882971,-224.6373675566382,33.33333333333333,15.966183574879224,48680.0,1,53645.72857162532,56225.72857162532,51065.72857162532,1100.0,900.0,100.0,True,False,False,False,False,False,False,True,False,False,False,False,False,False,False,False,False,52605.61667491465,53320.5043083995,False,True,1250.0,2.3719165085388996,False,False,up,58433.333333333336,57166.66666666667,56533.333333333336,54633.333333333336,59066.66666666667,60333.333333333336,62233.333333333336
61,2025-02-05,53600.0,53800.0,52800.0,52900.0,52540.0,54085.0,54501.666666666664,54085.0,56921.06473090704,51248.93526909296,36.95652173913044,-574.0106152513763,-406.37973352091296,-167.63088173046333,50.0,28.743961352657,49490.0,1,53574.7068028991,56114.7068028991,51034.7068028991,700.0,200.0,100.0,False,True,False,False,False,False,False,False,False,False,False,False,False,False,False,False,False,52703.7444499431,53260.432264342424,False,True,1235.7142857142858,2.3359438293275723,False,False,up,58433.333333333336,57166.66666666667,56533.333333333336,54633.333333333336,59066.66666666667,60333.333333333336,62233.333333333336
62,2025-02-06,53400.0,54000.0,53200.0,54000.0,52600.0,54065.0,54441.666666666664,54065.0,56897.35070680096,51232.64929319904,49.45054945054945,-467.89037894301873,-418.6818626053342,-49.20851633768456,76.19047619047619,53.17460317460317,49790.0,1,53615.21091690871,56155.21091690871,51075.21091690871,600.0,0.0,200.0,True,False,False,False,False,False,False,False,False,False,False,False,False,False,False,False,False,53135.829633295405,53366.084798007796,False,True,1228.5714285714287,2.2751322751322753,False,False,up,58433.333333333336,57166.66666666667,56533.333333333336,54633.333333333336,59066.66666666667,60333.333333333336,62233.333333333336
63,2025-02-07,53900.0,54200.0,53600.0,53700.0,52860.0,53955.0,54381.666666666664,53955.0,56655.07797158373,51254.92202841627,48.913043478260875,-403.3472834997956,-415.6149467842265,12.26766328443091,69.04761904761905,65.07936507936508,50090.0,1,53623.286067679306,56163.286067679306,51083.286067679306,200.0,300.0,100.0,False,True,False,False,False,False,False,False,False,False,False,False,False,False,False,False,False,53323.88642219694,53413.786969720975,False,True,1207.142857142857,2.2479382814578344,False,False,up,58433.333333333336,57166.66666666667,56533.333333333336,54633.333333333336,59066.66666666667,60333.333333333336,62233.333333333336
64,2025-02-10,53000.0,55900.0,52900.0,55600.0,53780.0,53965.0,54350.0,53965.0,56688.98701596722,51241.01298403278,58.71559633027523,-196.61582942319365,-371.81512331202,175.19929388882633,94.11764705882352,79.78524743230626,49990.0,1,53811.54453742413,56751.54453742413,50871.54453742413,2600.0,300.0,100.0,True,False,False,False,False,False,True,True,False,True,False,False,False,False,False,False,False,54082.5909481313,53726.1031169037,True,False,1335.7142857142858,2.402363823227133,False,False,up,58433.333333333336,57166.66666666667,56533.333333333336,54633.333333333336,59066.66666666667,60333.333333333336,62233.333333333336
65,2025-02-11,55500.0,56300.0,55000.0,55700.0,54380.0,53885.0,54328.333333333336,53885.0,56269.4010612841,51500.5989387159,56.730769230769226,-24.428897261495877,-302.3378781019152,277.9089808404193,89.0909090909091,84.08539173245056,51240.0,1,53991.39743862183,56931.39743862183,51051.39743862183,200.0,600.0,500.0,True,False,False,False,False,False,False,False,False,False,False,False,False,False,False,False,False,54621.7272987542,54008.08838591746,True,False,1335.7142857142858,2.3980507822518597,False,False,up,58433.333333333336,57166.66666666667,56533.333333333336,54633.333333333336,59066.66666666667,60333.333333333336,62233.333333333336
66,2025-02-12,55100.0,55900.0,54500.0,55800.0,54960.0,53870.0,54341.666666666664,53870.0,56198.8578632816,51541.1421367184,60.6060606060606,118.73099428696878,-218.1241036241384,336.8550979111072,90.9090909090909,91.37254901960785,50610.0,1,54163.64530161023,57223.64530161023,51103.64530161023,700.0,100.0,600.0,True,False,False,False,False,False,False,False,False,False,False,False,False,False,False,False,False,55014.48486583614,54264.075759357824,True,False,1357.142857142857,2.4321556579621095,False,False,up,58433.333333333336,57166.66666666667,56533.333333333336,54633.333333333336,59066.66666666667,60333.333333333336,62233.333333333336
67,2025-02-13,56100.0,56400.0,55600.0,55800.0,55320.0,53895.0,54388.333333333336,53895.0,56298.04631227687,51491.95368772313,62.5,229.54024271626258,-128.59123435605824,358.1314770723208,89.28571428571429,89.76190476190476,51350.0,1,54319.48860621879,57419.48860621879,51219.48860621879,300.0,300.0,200.0,False,True,False,False,False,False,False,False,False,False,False,False,False,False,False,False,False,55276.323243890765,54483.493508021,True,False,1371.4285714285713,2.457757296466974,False,False,up,58433.333333333336,57166.66666666667,56533.333333333336,54633.333333333336,59066.66666666667,60333.333333333336,62233.333333333336
68,2025-02-14,56000.0,57300.0,56000.0,56000.0,55780.0,53990.0,54478.333333333336,53990.0,56570.81994314742,51409.18005685258,62.886597938144334,329.69517817834276,-36.93395184917803,366.6291300275208,80.0,86.73160173160174,52150.0,1,54479.53731038843,57479.53731038843,51479.53731038843,0.0,1300.0,0.0,False,False,True,False,False,False,False,False,False,False,False,False,False,False,False,False,False,55517.548829260515,54700.13729258943,True,False,1407.142857142857,2.512755102040816,False,False,up,58433.333333333336,57166.66666666667,56533.333333333336,54633.333333333336,59066.66666666667,60333.333333333336,62233.333333333336
69,2025-02-17,56100.0,56500.0,55700.0,56000.0,55860.0,54095.0,54580.0,54095.0,56826.8588235081,51363.1411764919,59.55056179775281,404.40693470073893,51.33422546080537,353.07270923993354,80.0,83.09523809523809,51840.0,1,54624.34328082763,57464.34328082763,51784.34328082763,100.0,400.0,300.0,False,True,False,False,False,False,False,False,False,False,False,False,False,False,False,False,False,55678.36588617368,54885.83196507666,True,False,1371.4285714285713,2.4489795918367347,False,False,up,58433.333333333336,57166.66666666667,56533.333333333336,54633.333333333336,59066.66666666667,60333.333333333336,62233.333333333336
70,2025-02-18,56200.0,57200.0,55900.0,56900.0,56100.0,54255.0,54636.666666666664,54255.0,57251.47160928704,51258.52839071296,67.3913043478261,530.1280324353647,147.09298685571724,383.0350455796475,93.84615384615384,84.61538461538463,52680.0,1,54841.07249217737,57421.07249217737,52261.07249217737,700.0,300.0,300.0,True,False,False,False,False,False,False,False,False,False,False,False,False,False,False,False,False,56085.57725744912,55173.570255779996,True,False,1407.142857142857,2.473010293748431,False,False,up,58433.333333333336,57166.66666666667,56533.333333333336,54633.333333333336,59066.66666666667,60333.333333333336,62233.333333333336
71,2025-02-19,57400.0,58900.0,57300.0,58700.0,56680.0,54475.0,54670.0,54475.0,58071.41634496284,50878.58365503716,72.72727272727273,766.1758664732115,270.9095627792161,495.2663036939954,97.53086419753086,90.45900601456157,53960.0,1,55208.58939768429,57968.58939768429,52448.58939768429,1300.0,200.0,100.0,True,False,False,False,False,False,True,False,False,False,False,False,False,False,False,False,False,56957.05150496608,55677.345933525714,True,False,1507.142857142857,2.567534679970796,False,False,up,58433.333333333336,57166.66666666667,56533.333333333336,54633.333333333336,59066.66666666667,60333.333333333336,62233.333333333336
72,2025-02-20,59100.0,59100.0,58100.0,58400.0,57200.0,54710.0,54705.0,54710.0,58687.25110041968,50732.74889958032,80.0,918.4506553464598,400.41778129266487,518.032874053795,91.56626506024097,94.31442770130856,54490.0,1,55512.5332645715,58252.5332645715,52772.5332645715,700.0,0.0,300.0,False,True,False,False,False,False,False,False,False,False,False,False,False,False,False,False,False,57438.03433664406,56066.296514450616,True,False,1435.7142857142858,2.4584148727984347,False,False,up,58433.333333333336,57166.66666666667,56533.333333333336,54633.333333333336,59066.66666666667,60333.333333333336,62233.333333333336
73,2025-02-21,58400.0,58500.0,57100.0,58200.0,57640.0,54950.0,54753.333333333336,54950.0,59166.50890766533,50733.49109233467,90.9090909090909,1011.3331747731281,522.6008599887575,488.7323147843706,88.1578947368421,92.41834133153797,53450.0,1,55768.48247746946,58668.48247746946,52868.48247746946,200.0,100.0,1100.0,False,True,False,True,False,False,False,False,False,False,False,False,False,False,False,False,False,57692.02289109604,56371.11129810053,True,False,1421.4285714285713,2.4423171330387827,False,False,up,58433.333333333336,57166.66666666667,56533.333333333336,54633.333333333336,59066.66666666667,60333.333333333336,62233.333333333336
74,2025-02-24,57300.0,57700.0,57200.0,57300.0,57900.0,55140.0,54768.333333333336,55140.0,59423.33367465355,50856.66632534645,78.75,1000.7843432723821,618.2375566454824,382.5467866268997,71.42857142857143,83.71757707521817,53700.0,1,55914.34128913903,58414.34128913903,53414.34128913903,0.0,400.0,100.0,False,False,True,False,False,False,False,False,False,False,False,False,False,False,False,False,False,57561.34859406403,56503.80968408617,True,False,1307.142857142857,2.281226626776365,False,False,up,58433.333333333336,57166.66666666667,56533.333333333336,54633.333333333336,59066.66666666667,60333.333333333336,62233.333333333336
75,2025-02-25,56600.0,57800.0,56500.0,57200.0,57960.0,55285.0,54788.333333333336,55285.0,59644.27323735216,50925.72676264784,77.21518987341773,973.1374314895002,689.217531614286,283.9198998752141,69.35483870967742,76.31376829169697,53400.0,1,56036.7849758877,58536.7849758877,53536.7849758877,600.0,600.0,100.0,True,False,False,False,False,False,False,False,False,False,False,False,False,False,False,False,False,57440.89906270936,56603.26544350244,True,False,1321.4285714285713,2.31018981018981,False,False,up,58433.333333333336,57166.66666666667,56533.333333333336,54633.333333333336,59066.66666666667,60333.333333333336,62233.333333333336
76,2025-02-26,57000.0,57100.0,56100.0,56600.0,57540.0,55430.0,54766.666666666664,55430.0,59760.11486416263,51099.88513583737,67.56756756756758,892.5236124973308,729.8787477908951,162.64486470643567,59.67741935483871,66.82027649769586,52940.0,1,56090.424501993635,58530.424501993635,53650.424501993635,400.0,100.0,500.0,False,True,False,False,False,False,False,False,False,False,False,False,False,False,False,False,False,57160.59937513957,56602.79895157352,True,False,1321.4285714285713,2.3346794548207974,False,False,up,58433.333333333336,57166.66666666667,56533.333333333336,54633.333333333336,59066.66666666667,60333.333333333336,62233.333333333336
77,2025-02-27,56500.0,57100.0,56200.0,56300.0,57120.0,55560.0,54733.333333333336,55560.0,59827.08331299027,51292.91668700973,67.56756756756758,795.2618043126058,742.9553590952372,52.306445217368605,54.83870967741935,61.29032258064516,52960.0,1,56110.38407323234,58570.38407323234,53650.38407323234,200.0,600.0,100.0,False,True,False,False,True,False,False,False,False,False,False,False,False,False,False,False,False,56873.73291675972,56559.541958491594,True,False,1342.857142857143,2.3851814260340016,False,False,up,58433.333333333336,57166.66666666667,56533.333333333336,54633.333333333336,59066.66666666667,60333.333333333336,62233.333333333336
78,2025-02-28,55400.0,55700.0,54500.0,54500.0,56380.0,55665.0,54703.333333333336,55665.0,59701.81740196929,51628.18259803071,42.465753424657535,566.4069767683104,707.6456826298519,-141.23870586154146,0.0,38.17204301075269,51320.0,1,55957.01416149592,58477.01416149592,53437.01416149592,900.0,300.0,0.0,False,True,False,False,False,False,False,False,False,False,False,False,False,False,False,False,True,56082.48861117315,56265.32167870708,False,True,1257.142857142857,2.3066841415465267,False,False,up,58433.333333333336,57166.66666666667,56533.333333333336,54633.333333333336,59066.66666666667,60333.333333333336,62233.333333333336
79,2025-03-04,53900.0,55000.0,53800.0,54500.0,55820.0,55840.0,54686.666666666664,55840.0,59285.454671699634,52394.545328300366,41.66666666666667,380.64998109379667,642.2465423226408,-261.59656122884417,13.20754716981132,22.682085615743556,50500.0,1,55818.25090802012,58418.25090802012,53218.25090802012,600.0,500.0,100.0,True,False,False,False,False,False,False,False,False,False,False,False,False,False,False,False,False,55554.992407448764,56013.13286746321,False,True,1250.0,2.293577981651376,False,False,up,58433.333333333336,57166.66666666667,56533.333333333336,54633.333333333336,59066.66666666667,60333.333333333336,62233.333333333336
80,2025-03-05,55100.0,55400.0,54000.0,54000.0,55180.0,55905.0,54683.333333333336,55905.0,59143.89194827977,52666.10805172023,38.15789473684211,190.88994196311978,551.9752222507367,-361.0852802876169,3.7735849056603774,5.660377358490567,50770.0,1,55645.08415487535,58265.08415487535,53025.08415487535,1100.0,300.0,0.0,False,True,False,False,False,False,False,False,False,False,False,False,True,False,False,False,False,55036.66160496585,55725.542457825606,False,True,1250.0,2.314814814814815,False,False,up,58433.333333333336,57166.66666666667,56533.333333333336,54633.333333333336,59066.66666666667,60333.333333333336,62233.333333333336
81,2025-03-06,54100.0,54500.0,54000.0,54300.0,54720.0,55975.0,54695.0,55975.0,58993.45202572095,52956.54797427905,40.50632911392405,63.973786610455136,454.37493512268037,-390.40114851222523,9.433962264150944,8.80503144654088,50770.0,1,55516.98090203008,57836.98090203008,53196.98090203008,200.0,200.0,100.0,True,False,False,False,False,False,False,False,False,False,False,False,False,False,False,False,False,54791.107736643906,55521.893535279094,False,True,1228.5714285714287,2.262562483556959,False,False,up,58433.333333333336,57166.66666666667,56533.333333333336,54633.333333333336,59066.66666666667,60333.333333333336,62233.333333333336
82,2025-03-07,53500.0,54200.0,53400.0,53700.0,54200.0,55960.0,54696.666666666664,55960.0,59022.437969296596,52897.562030703404,36.14457831325301,-84.05424150471663,346.689099797201,-430.7433413019176,5.263157894736842,6.156901688182721,50350.0,1,55343.935101836745,57643.935101836745,53043.935101836745,200.0,500.0,100.0,True,False,False,False,True,True,False,False,False,False,False,False,False,False,False,False,False,54427.40515776261,55261.62303023923,False,True,1185.7142857142858,2.2080340516094705,False,False,up,58433.333333333336,57166.66666666667,56533.333333333336,54633.333333333336,59066.66666666667,60333.333333333336,62233.333333333336
83,2025-03-10,53500.0,54800.0,53500.0,53700.0,54040.0,55960.0,54706.666666666664,55960.0,59022.437969296596,52897.562030703404,36.14457831325301,-199.07273371455085,237.5367330948506,-436.60946680940145,5.263157894736842,6.653426017874875,50730.0,1,55187.36985404277,57467.36985404277,52907.36985404277,200.0,1100.0,0.0,True,False,False,False,True,True,False,False,False,False,False,False,False,False,False,False,False,54184.93677184174,55038.53402591934,False,True,1221.4285714285713,2.2745411013567436,False,False,up,58433.333333333336,57166.66666666667,56533.333333333336,54633.333333333336,59066.66666666667,60333.333333333336,62233.333333333336
84,2025-03-11,52500.0,54100.0,52500.0,53600.0,53860.0,55860.0,54705.0,55860.0,59097.54292798201,52622.45707201799,28.0,-294.8955098480292,131.05028450627466,-425.94579435430387,16.666666666666664,9.064327485380117,49700.0,1,55036.191772705366,57436.191772705366,52636.191772705366,1100.0,500.0,0.0,True,False,False,False,False,False,False,False,False,False,False,False,False,False,False,False,False,53989.9578478945,54833.02916507372,False,True,1242.857142857143,2.318763326226013,False,False,up,58433.333333333336,57166.66666666667,56533.333333333336,54633.333333333336,59066.66666666667,60333.333333333336,62233.333333333336
85,2025-03-12,53800.0,55300.0,53600.0,54900.0,54040.0,55820.0,54718.333333333336,55820.0,59085.513580949926,52554.486419050074,22.85714285714286,-262.9059981594619,52.25902797312735,-315.1650261325892,36.36363636363637,19.43115364167996,50730.0,1,55023.22112768581,57503.22112768581,52543.22112768581,1100.0,400.0,200.0,True,False,False,False,False,False,False,False,False,False,False,False,False,False,False,False,False,54293.30523192967,54842.59642720605,False,True,1221.4285714285713,2.2248243559718968,False,False,up,58433.333333333336,57166.66666666667,56533.333333333336,54633.333333333336,59066.66666666667,60333.333333333336,62233.333333333336
86,2025-03-13,55800.0,55900.0,54200.0,54700.0,54120.0,55765.0,54740.0,55765.0,59068.76181121811,52461.23818878189,23.18840579710144,-250.80132662956748,-8.353042947411616,-242.44828368215587,36.666666666666664,29.898989898989896,51150.0,1,54992.4381631443,57592.4381631443,52392.4381631443,1100.0,100.0,500.0,False,True,False,False,False,False,False,False,False,False,False,False,False,False,False,False,False,54428.870154619784,54822.22550903376,False,True,1271.4285714285713,2.3243666753721595,False,False,up,58433.333333333336,57166.66666666667,56533.333333333336,54633.333333333336,59066.66666666667,60333.333333333336,62233.333333333336
87,2025-03-14,54500.0,55100.0,54400.0,54700.0,54320.0,55710.0,54751.666666666664,55710.0,59047.758466238585,52372.241533761415,23.88059701492537,-238.45947484255885,-54.37432932644107,-184.0851455161178,41.509433962264154,38.17991233085573,50910.0,1,54964.58690951151,57524.58690951151,52404.58690951151,200.0,400.0,100.0,True,False,False,False,False,False,False,False,False,False,False,False,False,False,False,False,False,54519.24676974653,54804.76472202894,False,True,1221.4285714285713,2.232958997127187,False,False,up,58433.333333333336,57166.66666666667,56533.333333333336,54633.333333333336,59066.66666666667,60333.333333333336,62233.333333333336
88,2025-03-17,55500.0,57800.0,55400.0,57600.0,55100.0,55790.0,54811.666666666664,55790.0,59232.092386906545,52347.907613093455,51.72413793103448,5.26658538763877,-42.446146383625106,47.712731771263876,96.22641509433963,58.134171907756816,52370.0,1,55215.57863241518,58035.57863241518,52395.57863241518,2100.0,200.0,100.0,True,False,False,False,False,False,True,True,False,False,False,False,False,True,False,False,False,55546.16451316436,55204.084047453376,True,False,1371.4285714285713,2.380952380952381,False,False,up,58433.333333333336,57166.66666666667,56533.333333333336,54633.333333333336,59066.66666666667,60333.333333333336,62233.333333333336
89,2025-03-18,58800.0,59000.0,57300.0,57600.0,55900.0,55870.0,54840.0,55870.0,59405.74231021019,52334.25768978981,52.32558139534884,196.1600333128663,5.275089555673176,190.88494375719313,78.46153846153847,72.06579583938075,53770.0,1,55442.666381708965,58362.666381708965,52522.666381708965,1200.0,200.0,300.0,False,True,False,False,False,False,False,False,False,False,False,False,False,False,False,False,False,56230.77634210958,55546.35775496004,True,False,1400.0,2.430555555555556,False,False,up,58433.333333333336,57166.66666666667,56533.333333333336,54633.333333333336,59066.66666666667,60333.333333333336,62233.333333333336
90,2025-03-19,57400.0,59200.0,57400.0,58500.0,56620.0,55950.0,54880.0,55950.0,59652.34633996505,52247.65366003495,60.674157303370784,415.27985680626443,87.27604300579142,328.00381380047304,89.55223880597015,88.08006412061609,53800.0,1,55733.8410120224,58733.8410120224,52733.8410120224,1100.0,700.0,0.0,True,False,False,False,False,False,False,False,False,False,False,True,False,False,False,False,False,56987.184228073056,55968.306647108606,True,False,1450.0,2.4786324786324787,False,False,up,58433.333333333336,57166.66666666667,56533.333333333336,54633.333333333336,59066.66666666667,60333.333333333336,62233.333333333336
91,2025-03-20,59200.0,60300.0,58500.0,60200.0,57720.0,56025.0,54956.666666666664,56025.0,60011.75438499988,52038.24561500012,68.93203883495146,717.8349338246771,213.38782116956855,504.4471126551086,98.71794871794873,88.91057532848578,54510.0,1,56159.18948706789,59419.18948706789,52899.18948706789,1000.0,100.0,700.0,True,False,False,False,False,False,False,False,False,False,False,False,False,False,False,False,False,58058.122818715376,56572.83426895024,True,False,1514.2857142857142,2.5154247745609872,False,False,up,58433.333333333336,57166.66666666667,56533.333333333336,54633.333333333336,59066.66666666667,60333.333333333336,62233.333333333336
92,2025-03-21,60900.0,61700.0,60400.0,61700.0,59120.0,56190.0,55081.666666666664,56190.0,60813.00881746031,51566.99118253969,86.0,1066.3571744080473,383.98169181726433,682.3754825907829,100.0,96.09006250797296,55980.0,1,56686.88572639475,60066.88572639475,53306.88572639475,800.0,0.0,500.0,True,False,False,False,False,False,False,False,False,False,False,False,False,False,False,True,False,59272.08187914359,57305.28651624307,True,False,1492.857142857143,2.4195415605464228,False,False,up,58433.333333333336,57166.66666666667,56533.333333333336,54633.333333333336,59066.66666666667,60333.333333333336,62233.333333333336
93,2025-03-24,61200.0,61600.0,60500.0,60500.0,59700.0,56305.0,55175.0,56305.0,61242.28030823704,51367.71969176296,76.78571428571429,1231.5371956695672,553.4927925877249,678.0444030818422,86.95652173913044,95.22482348569305,56010.0,1,57050.03946673811,60410.03946673811,53690.03946673811,700.0,400.0,0.0,False,True,False,False,False,False,False,False,False,False,False,False,False,False,False,False,False,59681.387919429064,57761.67415677978,True,False,1492.857142857143,2.4675324675324677,False,False,up,58433.333333333336,57166.66666666667,56533.333333333336,54633.333333333336,59066.66666666667,60333.333333333336,62233.333333333336
94,2025-03-25,60900.0,61100.0,59500.0,59800.0,60140.0,56430.0,55286.666666666664,56430.0,61594.69798373127,51265.30201626873,75.43859649122807,1291.0766744850625,701.0095689671925,590.06710551787,79.34782608695652,88.768115942029,55260.0,1,57311.94046990591,60671.94046990591,53951.94046990591,1100.0,200.0,300.0,False,True,False,False,False,False,False,False,False,False,False,False,False,False,False,False,False,59720.925279619376,58052.8635629541,True,False,1507.142857142857,2.520305781175346,False,False,up,58433.333333333336,57166.66666666667,56533.333333333336,54633.333333333336,59066.66666666667,60333.333333333336,62233.333333333336
95,2025-03-26,59800.0,61400.0,59700.0,61400.0,60720.0,56640.0,55426.666666666664,56640.0,62258.1660240406,51021.8339759594,77.95275590551181,1450.64661743756,850.936978661266,599.709638776294,96.73913043478261,87.68115942028986,55510.0,1,57701.27947277201,61061.27947277201,54341.27947277201,1600.0,0.0,100.0,True,False,False,False,False,False,True,False,False,False,False,False,False,False,False,False,False,60280.616853079584,58531.02591110352,True,False,1592.857142857143,2.5942298743601677,False,False,up,58433.333333333336,57166.66666666667,56533.333333333336,54633.333333333336,59066.66666666667,60333.333333333336,62233.333333333336
96,2025-03-27,60900.0,62000.0,60800.0,61800.0,61040.0,56900.0,55565.0,56900.0,62973.23723612998,50826.76276387002,82.4,1591.0430500363727,998.9581929362873,592.0848571000854,97.89473684210527,91.32723112128149,56510.0,1,58091.63380869848,61351.63380869848,54831.63380869848,900.0,200.0,100.0,True,False,False,False,False,False,False,False,False,False,False,False,False,False,False,False,False,60787.07790205306,58998.02220951731,True,False,1614.2857142857142,2.6121128062875636,False,False,up,58433.333333333336,57166.66666666667,56533.333333333336,54633.333333333336,59066.66666666667,60333.333333333336,62233.333333333336
97,2025-03-28,60700.0,61100.0,60000.0,60200.0,60740.0,57095.0,55661.666666666664,57095.0,63335.2682128592,50854.7317871408,73.04964539007092,1555.2733826988406,1110.221230888798,445.0521518100427,81.05263157894737,91.89549961861174,55330.0,1,58292.43058882244,61772.43058882244,54812.43058882244,500.0,400.0,200.0,False,True,False,False,False,False,False,False,False,False,False,False,False,False,False,False,False,60591.385268035374,59169.73332244341,True,False,1650.0,2.740863787375415,False,False,up,58433.333333333336,57166.66666666667,56533.333333333336,54633.333333333336,59066.66666666667,60333.333333333336,62233.333333333336
98,2025-03-31,59500.0,59700.0,57800.0,57800.0,60200.0,57260.0,55731.666666666664,57260.0,63384.80719352819,51135.19280647181,62.80487804878049,1318.0718099107617,1151.7913466931907,166.28046321757097,50.0,76.3157894736842,53740.0,1,58245.532437506015,61585.532437506015,54905.532437506015,1700.0,200.0,0.0,False,True,False,False,False,False,True,False,False,False,False,False,False,False,False,False,False,59660.92351202358,58974.057133522925,True,False,1707.142857142857,2.953534354918438,False,False,up,58433.333333333336,57166.66666666667,56533.333333333336,54633.333333333336,59066.66666666667,60333.333333333336,62233.333333333336
99,2025-04-01,58700.0,59600.0,57900.0,58800.0,60000.0,57475.0,55816.666666666664,57475.0,63492.824401419144,51457.175598580856,62.11180124223603,1196.9814402345073,1160.829365401454,36.15207483305335,58.97435897435898,63.34233018443545,53710.0,1,58298.33887202925,61658.33887202925,54938.33887202925,100.0,800.0,800.0,True,False,True,False,False,False,False,False,False,False,False,False,False,False,False,False,False,59373.94900801573,58949.19182873394,True,False,1714.2857142857142,2.9154518950437316,False,False,up,58433.333333333336,57166.66666666667,56533.333333333336,54633.333333333336,59066.66666666667,60333.333333333336,62233.333333333336
